{"cameraMode":{"drawMode":0,"name":"Shaded","section":"Shading Mode"},"sceneLighting":true,"audioPlay":false,"sceneViewState":{"m_AlwaysRefresh":false,"showFog":true,"showSkybox":true,"showFlares":true,"showImageEffects":true,"showParticleSystems":true,"showVisualEffectGraphs":true,"m_FxEnabled":true},"in2DMode":false,"pivot":{"x":239.39956665039063,"y":146.63137817382813,"z":-16.768131256103517},"rotation":{"x":0.05309750884771347,"y":0.9468726515769959,"z":-0.22910936176776887,"w":0.21950693428516389},"size":13.022601127624512,"orthographic":false}